Food,Category,Calories
l’authentique pain paillasse cereales,en:breads,0.025023900573613766
fruit gummies,en:confectioneries,0.029995219885277247
fruit gummies,en:confectioneries,0.029995219885277247
les boudoirs magiques,en:sponge-fingers-biscuit,0.045889101338432124
xango reserve,en:juices-and-nectars,0.004302103250478011
"sobe, fruit twist snacks blueberry pomec-ranate",en:confectioneries,0.032098470363288716
muffin double chocolat,en:chocolate-muffins,0.0390057361376673
pesto,en:groceries,0.05540152963671128
75 protein bar,en:protein-bars,0.04760994263862332
"lagg's, herbal tea, peppermint",en:tea-bags,0.0
biscotti al cacao e crema alla vaniglia,en:chocolate-sandwich-cookies,0.04369024856596558
colgate sensitive plus. made in india.,en:open-beauty-facts,0.016993307839388145
"feletti, milk chocolate pralines",en:chocolate-candies,0.054110898661567874
so vegan so fine,en:chocolate-spreads,0.056190248565965585
granini pêche et raisin,en:beverages,0.003202676864244742
fuet ecológico,en:sausages,0.03200286806883365
purée de sésame tahini bio,fr:pate-de-noix,0.0630736137667304
jamón serrano,en:serrano-ham,0.019694072657743786
creamed honey,en:honeys,0.028608986615678775
madeleines bijou,fr:madeleines-chocolat-noisette,0.04940248565965583
oeuf de goeland chocolat vrac,en:sweet-snacks,0.05889101338432123
velouté de 12 légumes,fr:potage,0.004206500956022944
poulet,en:chickens,0.008891013384321224
bagel,en:bagel-breads,0.019694072657743786
chai latte,en:chai-teas,0.018953154875717016
sopa de tomate gourmet,en:soups,0.03260038240917782
assortiments de tuiles et palets gourmants au chocolat,en:biscuits,0.05650095602294455
croissant vegan,en:croissants,0.036496175908221795
chocolat noir,en:dark-chocolates,0.05370458891013384
brocolis sauce guazamara,en:vegetables-based-foods,0.006190248565965583
protein drink mix,en:protein-shakes,0.03902963671128107
"lagg's, green tea",en:tea-bags,0.0
premier protien 100% whey powder,en:protien-powder,0.03659177820267687
organic tomato sauce with basil,en:groceries,0.006190248565965583
mortadelle olives 10 tranches,en:meats,0.01978967495219885
german fine bread,en:breads,0.026290630975143402
"emojeez, gummies, assorted fruits",en:confectioneries,0.027509560229445507
l'envoûtante (pain),en:baguettes,0.028393881453154874
sirop d'agave,en:agave-syrups,0.03200286806883365
veganes protein vanille,en:beverages,0.03840822179732314
salade de macedoine de légumes,en:vegetables-macedoines,0.014292543021032505
pb2 pure peanut powder,en:plant-based-foods-and-beverages,0.04612810707456979
shakeology,en:supplement,0.041037284894837475
cornichon russka,en:gherkins,0.0007887189292543021
2 maxi best of chicken mcnuggets,en:chicken-nuggets,0.0
beurre de cacahuètes croquantes bio,fr:pate-de-noix,0.06204588910133843
émincés de dinde marinés cuits saveur kebab,en:turkeys,0.01598948374760994
green leaf lettuce,en:fruits-and-vegetables-based-foods,0.0017925430210325047
gala apple,en:gala-apples,0.005066921606118547
dried egg product whole eggs,en:eggs,0.05380019120458891
solid milk chocolate,en:chocolate-candies,0.055305927342256214
panettone,en:panettone,0.036806883365200764
4 beignets à la pomme,en:sweet-fritters,0.030999043977055447
"the madelaine chocolate company, solid milk chocolate bunnies",en:chocolate-candies,0.05430210325047801
extra virgin olive oil,en:fats,0.021438814531548757
organic cacao powder,en:chia,0.027103250478011473
artichokes,en:canned-vegetables,0.004995219885277247
madeleines choco noir,en:chocolate-madeleines,0.04667782026768642
rebuild,en:bodybuilding-supplements,0.038001912045889104
dehydrated potato dices,en:mixed-vegetables,0.03718929254302103
ricotta sita,en:ricotta,0.014292543021032505
dattes mejdoul,en:medjool-dates,0.02272944550669216
sandwich tomate fromage,en:sandwiches,0.017208413001912046
harvest whole wheat bread,en:chouquettes,0.023255258126195028
artichokes,en:fruits-and-vegetables-based-foods,0.004995219885277247
"emojeez, gummies candy, fruit",en:confectioneries,0.027509560229445507
protein chewy bars,en:protein-bars,0.019000956022944552
vellutata pomodoro,en:fruits-and-vegetables-based-foods,0.03169216061185468
"protein bar, almond and chocolate",en:protein-bars,0.03910133843212237
vanilla almond milk,en:milks,0.008006692160611855
legion whey (french vanilla),it:integratore,0.03704588910133843
muscle milk,en:shakes,0.05
saint hubert végétal,en:plant-based-foods,0.04698852772466539
"angry birds, fruit snacks, cherry, lemon, raspberry, apple, grape, strawberry",en:confectioneries,0.032504780114722756
chocolate crisp,en:groceries,0.008436902485659656
lightly salted,en:walkers-crisps,0.05203154875717017
wholemeal heyford,en:whear-product,0.023326959847036328
confiture de fraise mara des bois,en:strawberry-jams,0.0
the noir parfumé,en:herbal-teas,9.560229445506692e-05
proteína de soya my smart shake,en:protein-shakes,0.03640057361376673
"dr pepper, soft chewy twisted candy bites",en:confectioneries,0.029995219885277247
bijou caramel chocolait,en:filled-cakes,0.04318833652007648
beurre de cacahuètes bio,fr:pate-de-noix,0.06204588910133843
salty vegan plus,en:protein-powders,0.020913001912045887
galettes caramel disigny,fr:galette-caramel,0.0489961759082218
teigwaren,en:chocolates,0.035109942638623326
sweet chili,en:hot-sauces,0.010611854684512428
"angry birds, fruit snack, cherry, lemon, raspberry, apple, grape, strawberry",en:confectioneries,0.028608986615678775
riccioli di crusca,en:stuffed-pastas,0.03200286806883365
easy daddy mac,en:cheese-sauce-mix,0.05616634799235182
chicken kievs,en:chicken-kievs,0.025406309751434035
best ginger snap cookies,en:biscuits,0.0387906309751434
beignets fourres au chocolat,fr:beignets-au-chocolat,0.03938814531548757
le jambon de nos régions,en:crisps,0.011496175908221797
beurre de  bleuets,en:butters,0.003011472275334608
zucchini,en:fresh-zucchini,0.001601338432122371
creamed honey with hibiscus,en:honeys,0.028608986615678775
"turmeric, creamed, local honey",en:honeys,0.03334130019120459
dibs crunch ice cream bits,en:ice-creams,0.0367112810707457
brownie mix,en:cake-mixes,0.0385038240917782
"welch's, freeze-dried banana & strawberry slices",en:snacks,0.032098470363288716
peanut butter nut bar,en:bars,0.022992351816443594
petit sablé cranberry framboise,en:biscuits,0.04280592734225622
p'tits beignets parfum choco-noisette,en:sweet-fritters,0.010109942638623326
"feletti, pralines candy, milk chocolate",en:chocolate-candies,0.05279636711281071
california bear poop,en:bonbons,0.026290630975143402
fit-food harina de avena salada,en:oat-flours,0.034392925430210324
lait de coco,en:coconut-milks-and-creams,0.01140057361376673
bio mouliné de legumes verts,it:zuppa,0.0027963671128107075
ketchup,en:ketchup,0.00869980879541109
früchtemischung bonbon,en:candies,0.03969885277246654
freeze dried pineapple chunks,en:snacks,0.040009560229445504
manteiga de amendoim com pedaços,en:peanut-butters,0.06140057361376673
powder - cheese blend,en:groceries,0.0036089866156787764
owmy,en:supplement,0.00035850860420650097
cappy портокал,en:orange-juices-from-concentrate,0.004493307839388145
délice de 8 légumes,en:cold-soups,0.005305927342256214
pépites de figue,en:dried-figs,0.033293499043977055
potato chips,en:crisps,0.053608986615678776
mousse au chocolat noir,fr:mousses-au-chocolat-noir,0.03219407265774379
wild raw honey,en:raw-honey,0.03341300191204589
isagenix,en:protein-shakes,0.04032026768642447
"candy crush, fruit snacks, assorted",en:confectioneries,0.028608986615678775
isabar,en:cereal-bars,0.038001912045889104
chausson au pomme,en:apple-turnovers,0.03159655831739962
milk chocolate rose,en:chocolate-candies,0.05709847036328872
migni beignets assortis,en:sweet-fritters,0.044096558317399615
genepro,en:protien-powder,0.040009560229445504
farina avena,en:cereals-and-their-products,0.037404397705544934
proteine whey vegetal,en:protein-powders,0.040893881453154875
romaine lettuce,en:fruits-and-vegetables-based-foods,0.0017925430210325047
savoiardi,en:cheese-fondue-from-savoy,0.03640057361376673
greek nonfat yogurt,en:yogurts,0.0076481835564053535
mini cookies,en:drop-cookies,0.050310707456978965
whey protein aus molke 500 gramm vanilla,en:protein-powders,0.0392925430210325
melody,en:dietary-supplements,0.03776290630975143
pinto bean,en:asian-style-ready-meal,0.00021510516252390058
sablés coco lait,en:shortbread-cookies,0.05250956022944551
whopper,en:omega-3,0.022777246653919694
extreme mass gainer,en:dietary-supplements,0.039507648183556406
bio whey isolat,en:artificial-sugar-substitutes,0.043021032504780114
tom’s of maine fresh mint,fr:shake-proteine,0.03506214149139579
"welch's, freeze-dried mango slices",en:snacks,0.03499043977055449
purée de noisettes sans sel bio,fr:pate-de-noix,0.06933556405353729
"la eur, 3 milk soft ripened cheese",en:cheeses,0.02820267686424474
beurre de cacahuètes,en:peanut-butters,0.06140057361376673
frollini al cacao,en:biscuits,0.040296367112810705
brochettes d'abats de boeuf,en:beef-skewers,0.013097514340344169
dehydrated potato shreds,en:mixed-vegetables,0.03549235181644359
complete,en:meal-replacements,0.0375
hierba de trigo,en:groceries,0.025597514340344168
velouté de 10 légumes,en:cream-of-vegetable-soups,0.003202676864244742
sirop de dattes,en:date-syrups,0.030090822179732312
huile d'olive extra vierge bio,en:virgin-olive-oils,0.08843212237093691
biscuits aux fruits,en:fruit-biscuits,0.04660611854684513
alimento equilibrado,en:dietary-supplements,0.03979445506692161
"tetley, black tea",en:tea-bags,9.560229445506692e-05
jelly fish,en:candies,0.014005736137667304
bio walnusskerne achtel kerne,en:walnut-kernels,0.06618068833652008
treccine alla pizzaiola,en:snacks,0.03238527724665392
romaine hearts,en:fruits-and-vegetables-based-foods,0.0017925430210325047
vintage minis,en:honeys,0.029995219885277247
teriyaki beef with pineapple rice,en:frozen-foods,0.012404397705544933
garofalo gluten free pasta,en:dry-pastas,0.03611376673040153
perfectbar,en:protein-bars,0.041491395793499045
"ryan's, organic juice, apple",en:plant-based-beverages,0.004588910133843212
sparkling water,en:waters,0.0
"emojeez, fruit flavored gummies, green apple, orange, fruit punch, lemon, cherry blue raspberry",en:confectioneries,0.027509560229445507
queso danbo en fetas,bg:данбо,0.0365678776290631
the simpsons donuts,en:doughnuts,0.04698852772466539
chocolat noir sésame complet,en:dark-chocolate-bar,0.05855640535372849
100% soja protein haselnuss,en:protein-powders,0.038001912045889104
chromebook,en:laptop,0.004804015296367113
jus cerise raisin,en:fruit-juices,0.004804015296367113
figs,en:figs,0.025095602294455066
pois chiches bio,en:canned-chickpeas,0.007241873804971319
lean cuisine salisbury steak with macaroni & cheese,en:salisbury-steak,0.009297323135755257
knusper-müsli mango,en:mueslis-with-fruits,0.02805927342256214
chocolife,it:cio,0.04550669216061185
"sobe, fruit strip snacks, mango, pineapple",en:snacks,0.032098470363288716
protein shake,en:shake,0.009990439770554494
caramel flavor apple cider drink,en:beverages,0.005401529636711281
pur jus de pommes,en:squeezed-apple-juices,0.004397705544933079
nussmischung 4fach,en:shelled-nuts,0.06479445506692161
muesli quinoa chia,en:breakfast-cereals,0.04161089866156788
herbal tea cinnamon,en:tea-bags,0.0
anthony's textured vegetable protein,en:textured-vegetable-protein,0.029158699808795412
haricots noirs bio,en:black-beans,0.0057361376673040155
jus de fruit,en:fruit-juices,0.005497131931166348
4 beignets à la pomme,fr:beignets-a-la-pomme,0.030999043977055447
all-brann prebiotic,en:breakfast-cereals,0.04139579349904398
vegetarian meat substitute bits,en:groceries,0.029995219885277247
beurre,en:margarines-high-in-omega-3,0.046797323135755256
"today's temptations, lithuanian rye bread",en:breads,0.02280114722753346
"pate d'arachide seaux 4,5kg",en:peanut-butters,0.06108986615678776
roasted chicken + herb flavour collagen bone broth,en:soup-mixes,0.03202676864244742
"bakers best, rye bread",en:breads,0.025597514340344168
veganes protein natur geschmack,en:protein-powders,0.03910133843212237
celery,en:fruits-and-vegetables-based-foods,0.001410133843212237
huile d'olive vierge extra cuve magali,en:virgin-olive-oils,0.08097514340344168
sandwich glacé vanille cacao,en:cocoa-powders,0.027796367112810708
pain de mie sans gluten,en:gluten-free-sliced-breads,0.027891969407265776
"candy crush, fruit snacks",en:confectioneries,0.030903441682600383
solid milk chocolate,en:confectioneries,0.05540152963671128
creamy wheat cereal,en:cereals-and-their-products,0.0359942638623327
romaine hearts,en:fruits-and-vegetables-based-foods,0.0017925430210325047
gaspacho à l'andalouse,en:cold-soups,0.002605162523900574
sauce dip à la française,en:dips,0.032504780114722756
smart food white cheddar,en:beans,1.0
brown sugar,en:sugars,0.033293499043977055
madeleine bijou chocopépites,en:madeleines,0.04729923518164436
"lagg's, herbal tea, chamomile * mint",en:tea-bags,0.0
zumosol,en:juices-and-nectars,0.004302103250478011
drink mix,en:dehydrated-beverages,0.0385038240917782
semillas de cáñamo peladas,en:cereals-and-their-products,0.05779158699808795
"bakers best, white bread",en:breads,0.023494263862332696
fuji pom blend juice,en:plant-based-beverages,0.004588910133843212
sliced yellow cling peaches in peach and pear juice,en:canned-drained-peach-in-light-syrup,0.004827915869980879
pâte à tartiner chocolat et noisette,en:cocoa-and-hazelnuts-spreads,0.04940248565965583
"candy crush, jelly fish, orange, grape, black cherry",en:confectioneries,0.03499043977055449
creme de leite nestlé,en:creme-de-leite-bovino-enlatado,0.0038240917782026767
bonbons angry birds vert,en:candies,0.011998087954110899
beurre de cacahuètes,en:peanut-butters,0.06598948374760995
mct oil powder,es:mct,0.07002868068833652
flamiche maroilles chorizo poivrons,fr:flamiches,0.0255019120458891
marinara,en:sample,0.05738527724665392
donuts,en:doughnuts,0.03781070745697897
dulce de lecha,en:protien,0.0359942638623327
kiraz biber tursusu,en:groceries,0.003369980879541109
100% pure raw & unfiltered honey,en:honeys,0.03334130019120459
hafermilch,en:oat-based-drinks,0.004588910133843212
pâté de foie supérieur,en:liver-pates,0.03049713193116635
tisane bio rooibos de noel,en:rooibos,9.560229445506692e-05
"the madelaine chocolate company, solid dark chocolate",en:chocolate-candies,0.05279636711281071
moutarde au moût de raisin,en:groceries,0.02237093690248566
бургер булочка,en:dietary-supplements,0.0260038240917782
sliced sourdough bread,en:sliced-breads,0.021152007648183556
compote allégée pomme,en:apple-compotes,0.007194072657743786
organic fresh young chicken,en:pizza-sauces,9.560229445506692e-05
baked crisps,en:crisps,0.04400095602294455
artikel 1,en:vegetables,0.020076481835564052
food grade corn,en:chocolate-and-hazelnut-cookies,0.0505019120458891
crème d'olives noires bio kazidomi,en:black-tapenades,0.038145315487571704
focaccia senza glutine all’olio extravergine di oliva,en:focaccia,0.029636711281070746
mehrkomponeneten protein 90 c6 haselnuß,en:protein-powders,0.036639579349904396
petit hoppelli noir,en:quinoa,0.05449330783938815
turron de trufa,en:turron,0.047705544933078395
chair à saucisse tartufata,en:hummus,0.05881931166347992
chocolat,en:meals,0.008675908221797323
purée de noix de cajou crues bio,fr:pate-de-noix,0.05599904397705545
mini bifteki,en:frozen-meats,0.030210325047801148
crabe chair et pattes,en:crab,0.007002868068833652
crostatine albicocca,en:crostatina,0.04003346080305927
"pureboost, clean energy mix",en:water-enhancer,0.021749521988527726
riz de camargue long complet,en:camargue-rices,0.0359942638623327
petit beurre tablette choco,fr:gouter-petit-beurre-chocolat,0.05112332695984704
baguette constance,en:baguettes,0.02829827915869981
saumon fumé cajun,en:smoked-salmons,0.021391013384321225
confiture extra de fraise bio,en:strawberry-jams,0.016849904397705544
creamy peanut butter,en:protein,0.04500478011472275
"welch's, pb&j trail mix, grape",en:snacks,0.047108030592734225
formula 1 mirtillo,en:alimenti-in-scatola-pasti-supplementi-dietetici,0.0390057361376673
pommes cannelle séchées,en:dried-fruits,0.029206500956022945
beignets à la pomme,en:sweet-fritters,0.030090822179732312
"piasten, chocolate assortment",en:chocolate-candies,0.048494263862332694
biscotti proteici,it:biscotti-proteici,0.042710325047801145
55 protein  bar,en:protein-energy-bars,0.04639101338432122
saucisses de poulet saveur aux herbes,en:chicken-sausages,0.023398661567877628
designer whey protein vanilla,en:protein-powders,0.0374282982791587
boisson instantanée tea,en:brewed-infusions-without-sugar,0.03499043977055449
bush’s brown sugar hickory baked beans,en:fresh-parsley,0.002007648183556405
alfajor dulce de leche,en:alfajores,0.030592734225621414
croissant au beurre,en:butter-croissants,0.03840822179732314
"mcvitie's, digestives cheesecake, lemon",en:biscuits,0.050908221797323135
mini beignets assortis,en:sweet-fritters,0.044096558317399615
madeleines chocolait,en:chocolate-madeleines,0.046032504780114725
cottage cheese,en:dairies,0.009727533460803059
broccoli crown,en:fruits-and-vegetables-based-foods,0.0033938814531548757
multi collagen gummies,en:dietary-supplements,0.07999521988527725
all natural baked not fried yellow corn tortilla chips,en:corn-chips,0.04290152963671128
spray sweetener,en:sugars,0.0
cookie pro,en:biscuits,0.04440726577437858
pur jus de pomme,en:squeezed-apple-juices,0.005282026768642447
vegan grilled cheese toastie crisps,en:potato-crisps,0.04708413001912046
croissant pure beurre x2,en:butter-croissants,0.04290152963671128
"welch's, freeze-dried mango slices",en:snacks,0.035707456978967496
risto piatti fusilli alla sorrentina senza glutine,en:meals,0.014196940726577437
the best chocolate chip cookies in the world,en:biscuits,0.013193116634799235
coca-cola,en:sodas,0.004206500956022944
macaron,en:macarons,0.047394837476099426
diablo gaufrette sans sucre,en:confectioneries,0.04729923518164436
casoncelli alla bresciana,it:casoncelli,0.02380497131931166
tomato sauce with eggplants,en:groceries,0.005592734225621415
boisson nutritionnelle formula 1 strawberry,en:meal-replacements,0.03499043977055449
filet de poulet rôti,fr:filets-de-poulet-rotis,0.01410133843212237
"lactaid, ice cream, vanilla",en:frozen-desserts,0.021104206500956024
gaufres,en:biscuits-and-cakes,0.032504780114722756
chokodomi pâte à tartiner chocolat noisettes bio,en:cocoa-and-hazelnuts-spreads,0.05693116634799235
organic peanut butter powder,en:risottos,0.02170172084130019
bebida de proteína en polvo / proteínas drink milk,en:protein-shakes,0.04206500956022945
nutrional shake,en:beverages,0.03979445506692161
apple,en:granny-smith-apples,0.020195984703632888
whey protein aus molke vanilla,en:protein-powders,0.0392925430210325
birthday cake flavor protein,en:dietary-supplements,0.04034416826003824
пиде с квас,en:хляб,0.023924474187380498
burrito,en:burritos,0.01639579349904398
eclairs,en:chocolate-eclairs,0.023709369024856597
hatchers caramel filled milk chocolate,en:chocolate-candies,0.055305927342256214
sunquick,en:beverages,0.008508604206500956
"the madelaine chocolate company, solid dark chocolate",en:chocolate-candies,0.05250956022944551
fresh spinach,en:fruits-and-vegetables-based-foods,0.002390057361376673
jus de pomme,en:apple-juices,0.004302103250478011
penne trigo sarraceno,en:penne,0.03470363288718929
"candy crush, mixed fruit gummies, blue raspberry, green apple, lemon, cherry, orange, grape",en:confectioneries,0.029995219885277247
the best chocolate chip cookies in the world,en:biscuits,0.013193116634799235
leicht&cross,en:extruded-crispbreads,0.0370697896749522
honduran king prawns m&s,en:cooked-prawns,0.011472275334608031
bone broth powder,en:protein-shakes,0.04091778202676864
"welch's, red apple chips",en:snacks,0.03809751434034417
croissant pur beurre,en:butter-croissants,0.042710325047801145
2 no chicken kievs,en:chicken-kievs-substitutes,0.022108030592734227
almond butter,en:almond-butters,0.0625
fanta ananas,en:beverages,0.005066921606118547
pain complet,en:wholemeal-breads,0.025693116634799236
choco changer salted caramel,en:chocolates,0.05370458891013384
whey protein aus molke 1000 gramm vanilla,en:protein-powders,0.0392925430210325
leffe,fr:pates-a-tartiner,0.005807839388145316
melon medley,en:fruits,0.0029636711281070746
"candy crush, color bombs fun book",en:confectioneries,0.04500478011472275
nutrastart,en:bodybuilding-supplements,0.00781548757170172
"candy crush, rainbow bites, strawberry, watermelon",en:confectioneries,0.0375
tortitas de trigo- roti wraps,en:wheat-flatbreads,0.028895793499043976
"welch's, dried cranberries, concord grape",en:snacks,0.032504780114722756
saint hubert,en:plant-based-foods,0.47000478011472274
purée mix tropical harmony + aloe,en:syrups,0.0365678776290631
bijou tradition pâtissiere,en:madeleines,0.050908221797323135
fruit snack,en:confectioneries,0.027509560229445507
saint hubert 41,en:margarines,0.0369980879541109
gigli pasta di legumi,en:pastas,0.030688336520076482
baguette bressan,en:baguettes,0.01598948374760994
glace  bofrost,en:ice-creams,0.030090822179732312
bisto gravy powder,en:sauces,0.023996175908221798
velouté de tomates,en:tomato-soups,0.0036089866156787764
isalean shake chocolate,en:bodybuilding-supplements,0.023996175908221798
galette des rois frangipane,en:twelfth-night-cake-with-almond-paste,0.046797323135755256
whey birthday cake shake,en:protein-powders,0.04034416826003824
ginseng tea,en:beverages,0.025
croissant,en:butter-croissants,0.003011472275334608
krautsalat,en:dried-figs,0.017041108986615677
pindakaas,en:peanut-butters,0.0625
velouté de 8 légumes,en:vegetable-soups,0.004349904397705545
organic coconut sparkling spring water,en:waters,0.0
organic french acacia honey,en:acacia-honeys,0.0059990439770554495
protein powder,en:protein-powders,0.0365678776290631
cheese toastie with heinz beanz flavour potato crisps,en:potato-crisps,0.0511472275334608
tostadas de ositos,en:toasts,0.04493307839388145
honest kids organic berry good lemonade,en:sodas,0.0034894837476099425
chocolate walnut bliss snack bites,en:sweet-snacks,0.03919694072657744
steaks haché pur boeuf surgelés 15% mg,en:minced-beef-steak-with-15-fat,0.002103250478011472
"lagg's, bronchtea",en:tea-bags,0.0
isalean whole blend plant-based,en:dietary-supplements,0.04158699808795411
levadura nutricional,en:yeast,0.034392925430210324
"lagg's, chamomile herbal tea",en:tea-bags,0.0
best sweet-potato cookies,en:biscuits,0.0387906309751434
soupe potiron et kiri,en:vegetable-soups,0.0038479923518164438
bio flohsamen,en:energy-drinks,0.027222753346080306
b-ready,en:chocolate-biscuits,0.010994263862332695
salam de vară,en:salami,0.033604206500956024
pears general,en:fresh-pears,0.010109942638623326
55 protein bar,en:protein-bars,0.019000956022944552
velouté de potiron et graines de courge bio,en:pumpkin-soups,0.003298279158699809
mixed berries fruit snacks,en:confectioneries,0.027509560229445507
"lagg's, shave grass herbal tea",en:tea-bags,0.0
légumes et vermicelles,en:reheatable-mixed-vegetables-soup,0.0037045889101338433
zaatar,en:plain-madeleines,0.04426386233269598
wafers,en:biscuits,0.05169694072657744
moringa,en:dietary-supplements,0.03819311663479923
mendiants - studentenhaver,en:nuts,0.043761950286806885
pâte à tartiner chocolat noisette,en:cocoa-and-hazelnuts-spreads,0.05413479923518164
white granulated sugar,en:sugars,0.0375
protein  powder,en:protein-powders,0.038336520076481834
boisson à l'aloe vera,en:groceries,0.0012189292543021031
golden raisins california,en:raisins,0.03011472275334608
chaussons aux abricots,fr:chaussons-aux-abricots,0.035109942638623326
protein drink mix,en:protein-powders,0.010994263862332695
birnen halbe frucht,en:fruits-based-foods,0.006692160611854684
organic tomato sauce arrabiata,en:groceries,0.006596558317399618
pro-tf chocolate,en:protein-powders,0.04110898661567878
snowballs créma lapte,en:confectioneries,0.05719407265774379
raw shrimp,en:frozen-seafood,0.005903441682600382
soupe carottes potiron,en:vegetable-soups,0.004206500956022944
peanut brittle,en:confectioneries,0.04462237093690249
sour fruit gummies,en:candies,0.032504780114722756
cordon bleu de volaille bio,en:poultry-cordons-bleus,0.023398661567877628
açai,en:dietary-supplements,0.05339388145315487
caffe con estratto di ganoderna,de:parfüm,0.032504780114722756
"cool mint flavor dental gum, cool mint",en:confectioneries,0.020004780114722752
"fleischkäsbrät fein zerkleinert, gepökelt, zum backen",de:fleischkäse,0.027270554493307838
linguine pastasecca,it:pasta-di-frumento,0.03281548757170172
kombucha,en:kombuchas,0.00019120458891013384
baharat,fr:huiles-de-ricin,0.038001912045889104
mini-naan-dippers,en:naans,0.02872848948374761
cauliflower & broccoli vegetable patties,en:vegetable-patties,0.009990439770554494
"lindt williams, liquor chocolate with williams pear",en:chocolate-candies,0.04670172084130019
porridge,en:porridge,0.0376434034416826
"fine chocolate candy bar, dark chocolate",en:chocolate-candies,0.040009560229445504
pago smoothie,en:smoothies,0.005592734225621415
rainbow pack,en:berries,0.005138623326959847
herbalife boisson instantanée thé,fr:poudre,0.0362810707456979
sauce tomate aux légumes bio,en:groceries,0.00621414913957935
pesto rosso,en:groceries,0.04510038240917782
mini baguette,en:breads,0.024808795411089865
cheddar tranches,en:cheeses,0.04161089866156788
beignets chocolats noisettes decongelé,en:sweet-fritters,0.03938814531548757
iodized salt,en:groceries,0.0
"candy crush, color bombs chocolate candy",en:chocolate-candies,0.04500478011472275
soft chewy twisted candy bites,en:confectioneries,0.029995219885277247
honey cornbread muffin mix,en:cooking-helpers,0.04051147227533461
organic tomato sauce arrabiata,en:groceries,0.006596558317399618
the best peanut butter cookies,en:biscuits,0.04070267686424474
olive & za’artar maine crisp,en:brazil-nuts,0.03530114722753346
"welch's, freeze-dried apple slices",en:snacks,0.035707456978967496
piadina romagnola alla riminese all'olio extra vergine di oliva,en:piadina,0.03035372848948375
"the madelaine chocolate company, solid milk chocolate",en:chocolate-candies,0.055592734225621415
watermelon,en:watermelons,0.003011472275334608
petits pois verts bio,en:canned-peas,0.007241873804971319
tikka masala,en:groceries,0.00819789674952199
v-protein,en:proteinpulver,0.0372131931166348
houmous oignons caramélisés,en:groceries,0.023350860420650096
coca,en:beverages,9.560229445506692e-05
purée d'amandes blanches grillées bio,fr:pate-de-noix,0.06520076481835564
pâte a tartiner,en:hazelnut-spreads,0.046510516252390055
tiramisu cappuccino,en:coffee-tiramisu,0.028991395793499044
spirulina from france,en:spirulina,0.0390057361376673
purée d'amandes blanches crues bio,fr:pate-de-noix,0.06520076481835564
vital wheat gluten,en:wraps,0.010994263862332695
velouté de potiron,en:pumpkin-soups,0.003011472275334608
mortadelices a la provençale,en:prepared-meats,0.018403441682600382
protein break,en:bodybuilding-supplements,0.044694072657743784
celery hearts,en:fruits-and-vegetables-based-foods,0.001410133843212237
beignet chocolat,fr:beignets-au-chocolat,0.0385038240917782
solid dark chocolate,en:chocolate-candies,0.05260516252390057
mazarella panees,en:cheeses,0.031811663479923515
pain epeautre,fr:pain-a-l-epeautre,0.025597514340344168
baguettes céréales,en:baguettes,0.026888145315487572
"trader joe's, cornichons",en:salted-snacks,0.0017925430210325047
truffes fantaisie biologiques,en:chocolate-truffles,0.06391013384321223
gaspacho à l'andalouse,en:cold-soups,0.002652963671128107
"ryan's, lemonade",en:sodas,0.005401529636711281
beignet moelleux a la pomme,en:sweet-fritters,0.02989961759082218
spray candy,en:confectioneries,0.00489961759082218
rustici pasta legumi,en:gluten-free-pasta,0.030688336520076482
polvo para preparar bebidas,en:instant-beverages,0.035850860420650096
lié big pursoup mouliné de 10 légumes,en:vegetable-soups,0.0035850860420650094
brins de chococaramel,fr:biscuits-au-caramel,0.04629541108986616
peanut butter filled pretzels,en:peanut-filled,0.04851816443594646
proteine isolate,en:protein-powders,0.0375
"pumpkin pie flavored apple cider drink, pumpkin pie",en:beverages,0.005807839388145316
filet de poulet extra tendre thym citron,en:chicken-breasts,0.010803059273422563
brochettes dinde,en:turkeys,0.0130019120458891
powder collagen peptides,en:collogen-peptides,0.007002868068833652
quinoa,en:cereal-grains,0.03429732313575526
2 heads lettuce,en:fruits-and-vegetables-based-foods,0.0010994263862332697
dattes dénoyautées,en:pitted-dates,0.028991395793499044
merguez de poulet,en:poultry-merguez,0.02660133843212237
cauliflower,en:cauliflowers,0.0034416826003824093
vegan 3k-protein,en:protein-powders,0.0372131931166348
isalean shake,en:dietary-supplements,0.04067877629063098
cuisse de poulet direct au four curry,en:chicken-thighs,0.019694072657743786
thé vert matcha du japon,en:japanese-green-teas,0.03336520076481835
chocolate isapro plant-based protein,en:protein-powders,0.037523900573613767
xylit,en:birkenzucker,0.02361376673040153
pindakaas met stukjes pinda,en:spreads,0.0625
100% whey isolate,en:protein-powders,0.03479923518164436
shell-on shrimp,en:frozen-seafood,0.010707456978967494
crunchies,en:biscuits,0.05009560229445507
confiture extra abricot bio,en:apricot-jams,0.017088910133843213
gocciole extra dark,en:biscuits,0.020195984703632888
cauliflower,en:cauliflowers,0.013934034416826004
microwavable artichokes,en:fruits-and-vegetables-based-foods,0.004708413001912046
"super shreds super foods, brussels sprouts shreds",en:fruits-and-vegetables-based-foods,0.004804015296367113
flocons quatre graines,en:blend-of-rolled-cereal-flakes,0.03580305927342256
boîte collector madeleines choconoir,en:chocolate-madeleines,0.04581739961759082
tender broad beans,en:canned-broad-beans,0.006094646271510516
organic hummus,en:hummus,0.007002868068833652
earthcamp vegan protein powder,en:chia,0.0369980879541109
energydiet. soupe thai,en:soups,0.037093690248565965
ice tea,en:iced-teas,0.0
potiron et j’irai,en:pumpkin-soups,0.0034894837476099425
keto rolls,en:electrolytes,0.009990439770554494
4 ore senza fame bio,en:snacks,0.044383365200764816
iceberg lettuce,en:iceberg-lettuce,0.0014340344168260039
pasta di cacao nero assoluto 100%,en:dark-chocolates,0.062308795411089864
assortiment d'amandes cacatoès et croustilles,en:chocolate-covered-almonds,0.054397705544933075
isalean shake,en:dietary-supplements,0.03934034416826004
velouté de 10 légumes,en:cream-of-vegetable-soups,0.001864244741873805
"funsch, high quality marzipan",en:confectioneries,0.04610420650095602
isalean shake,en:dietary-supplements,0.03934034416826004
crema spalmabile arachidi,en:nut-butters,0.04660611854684513
proteine break,en:bodybuilding-supplements,0.04541108986615679
soft chewy twisted candy bites,en:confectioneries,0.029995219885277247
gaspacho bio liebig,en:gazpacho,0.0027963671128107075
sweet envy,en:fruits-and-vegetables-based-foods,0.0035850860420650094
smoothie fraise-banane,en:smoothies,0.005903441682600382
huile d'olive vierge extra aop,en:olive-oils-from-haute-provence,0.08099904397705544
noix du brésil,en:brazil-nuts,0.07069789674952198
gummy soda bottles,en:confectioneries,0.025
pella mushroom coffee,en:sausages,0.0005975143403441683
confiture de coing,en:quince-jams,0.02390057361376673
osella linea protein,en:primo-sale,0.023589866156787764
petit dej chococroustill,en:cakes,0.013503824091778202
cap’n crunch,en:breakfast-cereals,0.03948374760994264
udon,en:udon,0.013121414913957935
organic pea protein powder,en:chia,0.007839388145315488
crema fresca verduras,en:cream-of-vegetable-soups,0.002294455066921606
cioccolato fondente mirtillo e ibisco 54%,en:dark-chocolates,0.04569789674952199
pain au chocolat pur beurre,en:chocolate-croissant,0.041491395793499045
mouliné de légumes verts,en:vegetable-soups,0.003107074569789675
céréales p'tit carré cacao & noisettes,en:breakfast-cereals-filled-with-chocolate-hazelnuts,0.043809751434034414
gerstenbackmalz,fr:choux,0.029493307839388146
formula 1,en:meal-replacements,0.03489483747609943
"ryan's, spiced apple cider",en:groceries,0.004588910133843212
burro di arachidi,en:peanut-butters,0.05979923518164436
soupe aux poireaux et lentilles à la française,en:soups,0.03611376673040153
cavendish banana,en:bananas,0.008891013384321224
grass fed ground beef,en:meats,0.021152007648183556
pancake mix,en:cake-mixes,0.03401051625239006
afresh,en:energy-drinks,0.03522944550669216
kinder tejszelet,hu:tejszelet,0.04204110898661568
beauty collagen,en:collagen,0.03499043977055449
"madelaine chocolate company, chocolate",en:chocolate-candies,0.054995219885277245
bramwells american style peanut butter,en:peanut-butters,0.05903441682600382
pear halves in heavy syrup,en:canned-fruits,0.0076959847036328875
organic almond butter raw,en:almond-butters,0.06589388145315488
croissant ripieno alla crema di cacao,en:filled-croissants,0.0244980879541109
green beans,en:fresh-green-beans,0.0035850860420650094
original buttery spread,en:fats,0.0642925430210325
potage instantané poireau,fr:potages,0.006309751434034417
"welch's, pb & j trail mix, strawberry",en:snacks,0.047108030592734225
oatmeal raisin cookies,en:biscuits,0.037093690248565965
8 mini beignets fourrés au chocolat noisette,fr:beignets-au-chocolat,0.04280592734225622
filete de sardina en aceite de girasol,en:sardines-in-sunflower-oil,0.030305927342256213
soupe gourmet tomate,en:vegetable-soups,0.03260038240917782
mini bagels,en:breads,0.027891969407265776
freeze dried dragon fruit slices,en:freeze-dried-fruits,0.0392925430210325
pain au chocolat,en:chocolate-croissant,0.0367112810707457
organic vegan pesto,en:groceries,0.06570267686424475
shortening powder,en:cooking-helpers,0.07139101338432122
oméga 3,en:margarines-high-in-omega-3,0.046797323135755256
chorizo,en:chorizo,0.04340344168260038
sauce gourmet poivre,en:groceries,0.028393881453154874
green cabbage,en:leaf-vegetables,0.002390057361376673
fruit flavored snacks,en:confectioneries,0.025
vegan protein mango,en:protein-powders,0.03938814531548757
pane proteico,en:breads,0.02641013384321224
pindakaas,en:peanut-butters,0.059703632887189294
bacon de dinde,en:turkeys,0.017590822179732315
shiro miso,en:miso-paste,0.019168260038240917
pan,en:pastas,0.023996175908221798
nutrek,en:plant-based-foods-and-beverages,0.0511472275334608
grass fed whey protein,en:protein-powders,0.016897705544933077
protein müsli,en:mueslis,0.044096558317399615
"bread, scone & roll mix",en:cooking-helpers,0.03640057361376673
fruit gummies candy,en:confectioneries,0.029995219885277247
pizza raclette bacon,en:pizzas-pies-and-quiches,0.025095602294455066
midnight mint,en:hot-beverages,0.0
bowtie noodles,en:pastas,0.03561185468451243
triángulo de tortilla con cebolla,en:spanish-omelettes,0.01818833652007648
mehrkomponeneten protein 90 c6 banane,en:protein-powders,0.036639579349904396
tartines craquantes seigle,en:extruded-crispbreads,0.03539674952198853
nems poulet,en:chicken-nems,0.017590822179732315
familjepack schnitzel frysta,en:vegan-patties,0.02220363288718929
ketchup sans sucre ajoute,en:groceries,0.006668260038240918
soja protein,en:te,0.03781070745697897
miel de fleurs,en:flower-honeys,0.031811663479923515
pago smoothie cerise cassis et rose,en:smoothies,0.0059990439770554495
"lagg's, dieter's herbal tea",en:tea-bags,0.0
"lactaid, ice cream, butter pecan",en:frozen-desserts,0.02390057361376673
le fromage fouetté madame loïc nature au sel de guérande,en:cheese-spreads,0.024832695984703633
avocado oil greek dressing,en:avocado-oils,0.05
organic vegan protein shake mix,en:protein-powders,0.011998087954110899
fondants citron,en:jams,0.025239005736137667
crackers al rosmarino,en:crackers,0.042088910133843215
pitted prunes,en:dried-prunes,0.025
fette tostate al cacao,en:plant-based-foods,0.036304971319311666
dental gum,en:confectioneries,0.020004780114722752
flocon d'avoine - complète,en:rolled-oats,0.037093690248565965
freeze dried to go sausage scramble,en:meals,0.0482791586998088
vegavero liver active complex,en:dietary-supplements,0.02994741873804971
soupe bio tomate,en:soups,0.0036089866156787764
young chicken without neck & giblets,en:whole-chickens,0.021152007648183556
vegetarian meat substitute,en:meats,0.03460803059273423
apple cider,en:beverages,0.004588910133843212
amatriciana,it:sugo-alla-amatriciana,0.024091778202676863
75 protein,en:bodybuilding-supplements,0.0359942638623327
"canola harvest, buttery spread, with flaxseed oil",en:fats,0.05709847036328872
walkers - a dash of salt & vinegar,en:salt-and-vinegar-crisps,0.051195028680688336
red romaine,en:fruits-and-vegetables-based-foods,0.0017925430210325047
"the madelaine chocolate company, solid milk chocolate",en:chocolate-candies,0.055592734225621415
fruit snacks red belt,en:confectioneries,0.027509560229445507
vegetable gyoza,en:vegetable-gyoza,0.014603250478011472
chorizo,en:chorizo,0.04280592734225622
madeleines citron,fr:madeleines-au-citron,0.0076959847036328875
pb fit,en:supplement,0.0375
fibra canadiense mcberry,es:fibra,0.04326003824091778
purée cacahuete crunchy,en:peanut-butters,0.06080305927342256
moa,en:dietary-supplements,0.004397705544933079
bio whey protein kakao,en:protein-powders,0.03690248565965583
broccoli,en:broccoli,0.0033938814531548757
fresh spinach,en:fruits-and-vegetables-based-foods,0.002390057361376673
soupe potiron carottes et vermicelles,en:vegetable-soups,0.00745697896749522
low fat milk 1%,en:skimmed-milks,0.004158699808795411
la spalmabile al pistacchio,en:sweet-spreads,0.047705544933078395
"hfb candy, jelly fish candy",en:confectioneries,0.03499043977055449
"welch's, dried cranberries, blueberry",en:snacks,0.032504780114722756
"crush, gummy soda bottles, orange",en:confectioneries,0.025
mini macaron amandes,en:macarons,0.03960325047801147
pan de leche redondo,en:milk-bread-rolls,0.023111854684512427
peanut  better,en:peanut-butters,0.0642925430210325
batido nutricional / nutricional shake,en:supplement,0.03546845124282983
tortellini ricotta epinard,en:tortellini-ricotta-spinach,0.028393881453154874
pot au feu de légumes aux aromates,en:vegetable-soups,0.0025812619502868068
schiacciatine proteiche,it:grissini-proteici,0.040296367112810705
velouté de 10 légumes,en:cream-of-vegetable-soups,0.004110898661567878
multivitamins & minerals,en:vitamins,0.022538240917782025
organic pesto alla genovese,en:groceries,0.0655114722753346
stevia & erythritol sweetener,en:stevia-sweetener,0.038456022944550666
chili ketchup,en:ketchup,0.006811663479923518
grancereale classico,en:biscuits,0.04610420650095602
crème d'artichaut,en:artichoke-spreads,0.026792543021032504
ricola,en:hard-candies,0.023589866156787764
latte di capra,en:goat-milks,0.004493307839388145
purée de graines de tournesol bio,en:sunflower-seed-butters,0.060181644359464624
"welch's, freeze-dried grapes",en:snacks,0.03530114722753346
burro di arachidi iperproteico,en:spreadable-fats,0.052891969407265774
confiture extra de pêche blanche,en:peach-jams,0.022609942638623325
pur jus de pomme,en:squeezed-apple-juices,0.006309751434034417
lait de coco,en:coconut-milks-and-creams,0.02198852772466539
green onions,en:scallions,0.003202676864244742
ketchup napoli,en:ketchup,0.010707456978967494
haricots rouges bio,en:red-beans,0.005305927342256214
cappuccino duble choco,en:instant-beverages,0.03979445506692161
bp-er,en:dietary-supplements,0.0359942638623327
fruchtaufstrich himbeere,en:raspberry-jams,0.0849904397705545
luxury toasted muesli ancient grains & super fruits,en:breakfast-cereals,0.044192160611854686
natural ice cream,en:frozen-desserts,0.022490439770554493
chipolatas,en:chipolatas,0.022275334608030592
grissini proteici con olio di olivia,en:breadsticks,0.040296367112810705
fruit snacks,en:confectioneries,0.027509560229445507
low fat milk alternative,en:creamer,0.041204588910133844
formula 1 nutritional shake mix fragola delight,en:meal-replacements,0.008962715105162524
"la pedriza, caperberries in vinegar",en:salted-snacks,0.0017925430210325047
barretta perfectbar,en:protein-energy-bars,0.041491395793499045
sauce tomate aux courgettes bio kazidomi,en:groceries,0.005544933078393882
teddy pasta,en:pastas,0.033604206500956024
vegetarian meat substitute,en:meats,0.03460803059273423
"the madelaine chocolate company, solid milk chocolate chicks",en:chocolate-candies,0.055305927342256214
chewing-gum,en:chewing-gum,0.014890057361376673
délice de potiron châtaigne,en:pumpkin-soups,0.0034177820267686423
pate a tartiner,en:hazelnut-spreads,0.04940248565965583
pâté de sanglier supérieur truffé à 4 %,en:almond-butters,0.06563097514340344
mt. olive kosher dills,en:pickled-cucumbers,0.0
boisson chocolatée végétale à l'avoine,en:plant-based-foods,0.009608030592734226
nectar pour ngalax,en:peanut-butters,0.016706500956022944
museli,en:mueslis,0.03926864244741874
filière lait francais,en:homogenized-milks,0.004708413001912046
"emojeez, gummies candy, fruit",en:confectioneries,0.027509560229445507
cream soup air corners,en:膨化,0.04732313575525813
isalean whole blend whey based shake,en:dietary-supplements,0.04106118546845124
isalean whole blend peanut butter crisp,en:plant-based-foods,0.037739005736137664
épices à pain d'épices,en:groceries,0.03458413001912046
sour & fruity candy,en:confectioneries,0.017805927342256216
raclette,en:cow-raclette,0.03463193116634799
coquillettes,fr:coquillettes,0.03479923518164436
whey native isolate,en:protein-powders,0.03718929254302103
bio gerstengras pulver,en:food-colorings,0.025095602294455066
น้ำยาพ่นคอ,en:broccoli,0.03869502868068834
cosmic crisp apple,en:fresh-apples,0.005210325047801148
turrón chocolat,en:chocolate-turron,0.05609464627151051
dark chocolate turbinado sea salt almonds,en:nuts,0.015009560229445506
fudge brownie,en:brownies,0.04094168260038241
"augason farms, vital wheat gluten",en:cereals-and-their-products,0.033293499043977055
creamed honey with cinnamon,en:honeys,0.028608986615678775
süßlupinen mehl,en:open-beauty-facts,0.02958891013384321
frollini al cacao,en:biscuits,0.040296367112810705
30 panach' fruits,fr:gouters-individuels,0.041204588910133844
cocadas,en:confectioneries,0.029995219885277247
oreillettes,en:sweet-fritters,0.04249521988527725
crema calabacín,en:plant-based-beverages,0.005521032504780115
hydro 90 bv 104 whey protein,en:whey-protein,0.03888623326959847
skippy wafer bar,en:bars,0.06118546845124283
"the madelaine chocolate company, solid dark chocolate",en:chocolate-candies,0.05260516252390057
spirulina 125gr eco salud viva,en:spirulina,0.03781070745697897
"welch's, golden apple chips",en:snacks,0.0392925430210325
almond & coconut creamer,en:creamer,0.006668260038240918
compote de poire,en:pear-compotes,0.01570267686424474
"quick cook sprout halves, brussels sprouts",en:fruits-and-vegetables-based-foods,0.004804015296367113
tuna in olive oil,en:fish-and-meat-and-eggs,0.02041108986615679
fresh ground peanut butter,en:peanut-butters,0.05936902485659656
100% pure canola oil,en:vegetable-oils,0.08570745697896749
tarte aux bleuets sauvages,en:pies,0.02777246653919694
cream of mushroom condensed soup,en:canned-soups,0.0056883365200764814
tofu fumé bio,en:smoked-tofu,0.015248565965583175
orange drink mix,en:drink-mix,0.8
whey perfect,en:dietary-supplements,0.0375
magdalenas mini clasicas,en:madeleines,0.03938814531548757
cigarettes fourrées chocolat noisettes,fr:biscuit-patissier-fourres-chocolat-noisette,0.04880497131931166
farmer cheese,en:cheeses,0.011663479923518164
"welch's, freeze-dried fruit slices, banana & strawberry",en:snacks,0.03499043977055449
ecuador 71%,en:dark-chocolates,0.05690726577437859
fruit gummies,en:confectioneries,0.029995219885277247
saumon fumé sauvage,en:smoked-salmons,0.012308795411089866
confit d'oignons ou de figues,en:groceries,0.017304015296367114
alimento equilibrado sabor a chocolate,en:groceries,0.03979445506692161
rillettes de canard au foie gras,en:duck-rillettes,0.0025095602294455065
formula 1 healthy meal,en:milkshakes,0.038001912045889104
véritable pâte à tartiner noisettes chocolat noir,en:cocoa-and-hazelnuts-spreads,0.0617112810707457
pane bianco fresco senza glutine per celiaci,en:white-breads,0.023111854684512427
brussels sprouts,en:fruits-and-vegetables-based-foods,0.004804015296367113
"lagg's, kidneytea, herbal tea",en:tea-bags,0.0
guimauves à la vanille,en:marshmallows,0.032504780114722756
pumpkin seeds,en:pumpkin-seeds,0.057433078393881454
microwavable brussels sprouts,en:fruits-and-vegetables-based-foods,0.004756214149139579
purée de noix de cajou grillées bio,fr:pate-de-noix,0.06082695984703633
praline mit foto-herz-massiv-26 stück,de:pralinen-mit-foto,0.056333652007648186
strolghino di prosciutto,en:prepared-meats,0.027198852772466538
donut milka,en:doughnuts,0.046510516252390055
velouté de cresson.,fr:soupe-de-cresson,0.0028919694072657744
raspberry ripple ice-cream,en:ice-creams,0.020793499043977055
red onion,en:fresh-red-onions,0.004206500956022944
brins de framboise,en:flaky-biscuits,0.03781070745697897
isalean shake,en:dietary-supplements,0.03934034416826004
avena,en:cereals-and-their-products,0.047108030592734225
vintage minis,en:honeys,0.029995219885277247
pate a tartiner,fr:pates-a-tartiner,0.04780114722753346
biscuit mix,en:cake-mixes,0.04290152963671128
psiproto,en:dietary-supplements,0.002772466539196941
saucisson sec au piment d'espelette,en:dry-sausages,0.040009560229445504
english tea scones - orange,en:biscuits,0.042112810707456975
leite em pó integral,pt:leite-em-po,0.006811663479923518
"guiltless gourmet, organic unsweetened coconut water",en:plant-based-beverages,0.0016969407265774378
sauce de poisson,en:groceries,0.0056883365200764814
"angry birds, fruit gummies",en:confectioneries,0.029995219885277247
tuc intégral,en:appetizers,0.040893881453154875
earth champ nutritional vegan protein,en:protein-powders,0.034177820267686426
margarine sel de mer,en:salted-spreads,0.050406309751434036
infusion fruits rouges 200g,en:red-fruit-teas,0.00019120458891013384
ricotta di bufala campana dop,it:ricotta-di-bufala-campana,0.01579827915869981
creme fraiche,en:sour-creams,0.03561185468451243
mochi pistache,en:mochi,0.0252868068833652
amandes grillées sans sel,en:grilled-almonds,0.06450764818355641
crostata,en:crostata,0.051792543021032506
μπεσαμέλ γιώτης,el:μπεσαμέλ-χωρίς-βράσιμο,0.03790630975143403
premium chocolate sauce,en:chocolate-sauce,0.02748565965583174
ohne palmöl vegan,en:chocolate-spreads,0.05630975143403442
protein superfood,en:dietary-supplements,0.04318833652007648
ice cream drumstick,en:cheeses,0.03157265774378585
freeze-dried sliced strawberries,en:snacks,0.03499043977055449
"ritter sport, knusperflakes mit knusprigen cornflakes",en:snacks,0.05279636711281071
hot dog buns,en:protien-powder,0.011998087954110899
confiture de lait de brebis bio,en:milk-jams,0.03319789674952199
"emojeez, fruit gummies, assorted",en:confectioneries,0.027509560229445507
tapioka / tapioca „pandan“,en:tapioca,0.0365678776290631
frollini proteici,en:biscuits,0.041802103250478014
cooking spinach,en:fruits-and-vegetables-based-foods,0.002390057361376673
100% apple cider juice,en:beverages,0.004588910133843212
mousse de volaille,en:savory-mousses,0.024808795411089865
mayonnaise fine de caractère,en:mayonnaises,0.04161089866156788
chocolate morning moo's,en:creamer,0.040009560229445504
mini chaussons à la compote de pomme,en:apple-turnovers,0.03429732313575526
musztarda sarepska,pl:musztarda-sarepska,0.009273422562141491
sonnenblumenhack,en:vegetarian-grounds,0.03248087954110899
pringles,en:crisps,0.051792543021032506
nocciola,it:bevanda-di-nocciola,0.0028919694072657744
chocolate indulgence isalean whole blend whey-based bar,en:snacks,0.03776290630975143
popcorn delicio saveur chocolat,en:popcorn,0.050406309751434036
"hfb candy, candy crush color bombs",en:confectioneries,0.04500478011472275
pizzoccheri,it:pizzoccheri,0.011591778202676864
4 beignets parfum chocolat-noisette *4,en:sweet-fritters,0.03938814531548757
wafers,en:biscuits,0.05169694072657744
pain complet,en:wholemeal-breads,0.025693116634799236
collagen,en:dietary-supplements,0.03589866156787763
purée de pistaches bio,fr:pate-de-noix,0.06498565965583174
"nestle, dark truffles grand chocolate",en:chocolate-candies,0.04749043977055449
"mt. olive, sweet 'n' hot salad peppers",en:salted-snacks,0.014292543021032505
formula1 saveur cookies et crème,en:bodybuilding-supplements,0.03546845124282983
pesto basilic,en:green-pestos,0.021606118546845125
creamy potato soup mix,en:soups,0.04400095602294455
weizenmehl,en:wheat-flours,0.033795411089866154
barrett proteica cioccolato agrumi scatola da 14 bar,en:protein-bars,0.03979445506692161
organic tomato sauce bolognese,en:groceries,0.010611854684512428
herbal tea,en:herbal-teas,0.0
jus de raisin blanc,en:grape-juices,0.004660611854684513
bonbon au pain d’epices,en:candies,0.052891969407265774
jus d'abricot biologique,en:apricot-nectars,0.0048757170172084125
rouleau de surimi,en:surimi,0.010205544933078394
avena farina istantanea,it:farina-d-avena,0.03539674952198853
uncured turkey bacon,en:turkey-and-its-products,0.020004780114722752
beurre oméga 3,en:margarines,0.046797323135755256
piadina,en:piadina,0.030807839388145315
beignets framboises,en:sweet-fritters,0.03040152963671128
pizza dinde bœuf salamis,en:pizzas,0.023111854684512427
hatchers peanut butter filled milk chocolate,en:confectioneries,0.055305927342256214
fusilli multicereali,en:gluten-free-pasta,0.035109942638623326
ingwer wurzel,en:groceries,0.03040152963671128
"milkyway, magic stars chocolates",en:chocolate-candies,0.05568833652007648
rainbow bites,en:confectioneries,0.03499043977055449
délice de 10 légumes,en:vegetable-soups,0.004588910133843212
empanada atún,es:empanada-de-atun,0.027007648183556405
children's dha,en:i-want-to-know,0.021462715105162525
pavé de saumon fumé à la ficelle,fr:paves-de-saumon-fume,0.025310707456978967
velouté de tomates et pointe d'origan,en:tomato-soups,0.0027963671128107075
fix,en:greek-beers,0.0038240917782026767
kingsmill 50/50 medium bread 800g,en:breads,0.005544933078393882
proteine wpc 100,en:dietary-supplements,0.03869502868068834
chocolat noir 85% vegan,en:dark-chocolates,0.06359942638623327
carrot cake,en:carrot-cakes,0.036496175908221795
green apple chips,en:snacks,0.0392925430210325
biscuits avoine choco,en:tuna-in-brine,0.04199330783938814
"the madelaine chocolate company, solid milk chocolate cigars",en:chocolate-candies,0.053489483747609944
"celebrations, candy",en:confectioneries,0.049689292543021034
"angry birds, fruit snacks, cherry-lemon-raspberry-apple-grape-strawberry",en:confectioneries,0.030903441682600383
"the madelaine chocolate company, solid milk chocolate",en:confectioneries,0.055592734225621415
gummies,en:confectioneries,0.027509560229445507
formula 1 nutrional shake mix,en:meal-replacements,0.03979445506692161
donuts fourrage vanille,en:doughnuts,0.03410611854684512
tofu nature bio,en:plain-tofu,0.01615678776290631
baci di dama,en:fruit-salads,0.054397705544933075
tarte normande,en:norman-style-pies,0.027007648183556405
brioche senza glutine,en:gluten-free-biscuits,0.023303059273422563
spinach pizza,en:pizzas,0.0900095602294455
vintage minis,en:honeys,0.029995219885277247
provola typical crotonese,en:cheeses,0.030879541108986615
barbecue protein chips,en:crisps,0.04474187380497132
allumettes de bacon,en:butfalo-mac-and-cheese,0.012404397705544933
vintage minis,en:honeys,0.029995219885277247
100% pure orange juice from concentrate,en:orange-juices,0.004230401529636711
pindakaas,en:peanut-butters,0.06187858508604206
baby brussels sprouts,en:fruits-and-vegetables-based-foods,0.004804015296367113
gummies,en:confectioneries,0.029995219885277247
pavé de saumon fumé à la ficelle,fr:saumons-fumes-a-la-ficelle,0.025310707456978967
"welch's, dried mediterranean apricots",en:dried-apricots,0.022490439770554493
"dr pepper, gummy candies",en:confectioneries,0.025
biscuits cuillers,en:sponge-fingers-biscuit,0.035420650095602295
absolute black,en:candy-chocolate-bars,0.059536328871892925
"welch's, triple fruit treat, mango, cranberries, blueberries",en:snacks,0.03479923518164436
milk chocolate malt balls,en:chocolate-candies,0.05250956022944551
dental gum,en:sugar-free-chewing-gum,0.020004780114722752
sauce tomate puttanesca bio kazidomi,fr:sauce-italienne,0.0074091778202676865
nutri+ vegan 3k proteinpulver,en:pastas,0.03501434034416826
pumpkin seeds,en:shelled-pumpkin-seeds,0.06333652007648184
malt loaf,en:malt-loaf,0.03171606118546845
soup mix,en:soups,0.04130019120458891
tarte noix de coco,en:coconut-pies,0.03809751434034417
greek yogurt,en:greek-style-yogurts,0.008675908221797323
xanthan gum,en:xanthan-gum,0.018307839388145314
protein break,en:bodybuilding-supplements,0.045291586998087954
roseguard  vitamin a c e  rosmery,en:supplement,0.0
100% whole wheat hot dog buns,en:protein-powders,0.015009560229445506
mixed peppers,en:mixed-peppers,0.0018881453154875718
ensalada cesar,en:salads,0.010707456978967494
cheese and onion,en:cheese-and-onion-crisps,0.05126673040152964
isapro plant based protein,en:dietary-supplements,0.040009560229445504
sugar cookie mix,en:baking-mixes,0.036663479923518164
niteworks,en:dietary-supplements,0.0
cabillaud pané façon fish’n’chips,en:breaded-fish,0.018403441682600382
organic tomato pulp,en:tomato-pulps,0.003202676864244742
apple & cinnamon tea,en:teas,0.0
kingsmill 50/50 medium bread 800g,en:breads,0.005544933078393882
riso s. andrea,en:rices,0.03608986615678776
corned beef,en:corned-beef,0.023494263862332696
coca cola,en:colas,0.004206500956022944
petit déjeuner sarrasin,en:cereals-and-their-products,0.04940248565965583
tuna salad wheat sandwich,en:tuna-sandwiches,0.03640057361376673
powder -nonfat dry milk,en:creamer,0.033293499043977055
cookies au chocolat,en:chocolate-chip-cookies,0.04880497131931166
yaourt vanille sucré,en:dairies,0.002605162523900574
soupe suprême de tomates,en:soups,0.004493307839388145
10 chicken stock cubes,en:bouillon-cubes,0.000621414913957935
born fruta fresca deshidratada,en:dried-fruits,0.036209369024856594
veganes protein schoko,en:protein-powders,0.03539674952198853
garden salsa,en:chips,0.009010516252390056
pizza salami,en:pizzas,0.02980401529636711
kombucha,en:kombuchas,0.0005019120458891013
creamed honey with lemon,en:honeys,0.028608986615678775
cacao in polvere,en:cocoa-powders,0.03819311663479923
olio extravergine di oliva,it:olio-extravergine-di-oliva,0.08240917782026769
mélange vegan pour boisson proteinee,fr:melange-vegan-pour-boisson-proteinee,0.03895793499043977
wafer  zero cacao e nocciola,en:protein-bars,0.050406309751434036
bio erbsen protein 82%,en:protein-powders,0.04022466539196941
exploding candy,en:confectioneries,0.033293499043977055
"welch's, freeze-dried apple slices",en:snacks,0.03499043977055449
"welch's, dried cranberries",en:dried-cranberries,0.032504780114722756
ravioli frais à la roquette et aux épinards,en:ravioli-with-ricotta-and-spinach,0.024904397705544933
mixed fruit gummies,en:confectioneries,0.029995219885277247
"mcvitie's, mini gingerbread men, milk chocolate",en:biscuits,0.047992351816443596
"welch's, wholesome & delicious dried mangos",en:snacks,0.03499043977055449
boisson nutritionnelle,en:supplement,0.03979445506692161
gehacktes,en:plant-based-foods,0.010492351816443594
chips de banane,en:dried-bananas,0.05141013384321224
chicken boullion,en:soups,0.025
burro di arachidi,en:peanut-butters,0.05979923518164436
mandeln naturbelassen,en:whole-almonds,0.05881931166347992
pastilles neutres bio,fr:pastilles,0.07989961759082218
potiron et vermicelles,en:cream-of-pumpkin-soups,0.002605162523900574
donuts coco noisette,en:doughnuts,0.04349904397705545
"welch's, pb&j trail mix, grape",en:snacks,0.047108030592734225
italian tomato puree,en:tomato-purees,0.008962715105162524
"candy crush, jelly beans, mixed berry - cherry - peach - pear buttered popcorn - cotton candy",en:confectioneries,0.03499043977055449
poudre de lait de coco,en:coconut-milks-and-creams,0.06900095602294455
dehydrated potato flakes,en:mixed-vegetables,0.03479923518164436
confiture de fraise,en:strawberry-jams,0.024091778202676863
thrive plant protein - chocolate swirl,en:wines,0.03441682600382409
"cherry & dark chocolate truffles, cherry & dark chocolate",en:chocolate-candies,0.05
beverge mix,en:protien,0.525
hello fresh,en:smoked-meat,0.01950286806883365
boisson aux fruits tropicaux,en:beverages,0.00380019120458891
lait de coco,en:coconut-milks-and-creams,0.017710325047801147
solid dark chocolate,en:chocolate-candies,0.05250956022944551
nutritional yeast,en:vegan,0.0375
pain au chocolat pur beurre x10,en:chocolate-croissant,0.04220841300191205
snep plus,en:colombian-coffees,0.021510516252390057
pain mie toast nature canape,en:breads,0.028991395793499044
collagen elixir,en:dietary-supplements,0.009990439770554494
chokodomi pâte à tartiner chocolat noisettes bio,en:chocolate-spreads,0.05693116634799235
geschnetzeltes,en:meat-analogues,0.009990439770554494
lentilles brunes bio,en:brown-lentils,0.0054254302103250475
crème de marrons,en:chestnut-spreads,0.018475143403441682
beignets gourmands parfum choco-noisettes,en:doughnuts-filled-with-chocolate,0.040607074569789674
jamon,en:raw-cured-ham,0.028991395793499044
"madelaine chocolate, it's a girl! solid milk chocolate cigars, milk chocolate",en:chocolate-candies,0.053489483747609944
plantain chips,en:plantain-chips,0.056668260038240915
nectarines,en:fresh-nectarines,0.004541108986615678
"milkyway, magic stars chocolates",en:chocolate-candies,0.055903441682600384
confiture d'oranges,fr:cakes-aux-raisins,0.042256214149139576
cooked shrimp peeled and deveined tail off,en:frozen-seafood,0.009392925430210326
red leaf,en:fruits-and-vegetables-based-foods,0.0017925430210325047
bonbons de chocolat assortis,en:confectioneries,0.049091778202676864
sliced cracked wheat sourdough bread,en:sourdough-bread,0.023064053537284895
velouté de légumes du soleil,en:canned-vegetable-soups,0.0034894837476099425
cream of chicken soup mix,en:soups,0.04349904397705545
avocado lime flavour sauce,en:sauces,0.023207456978967495
ribbelchips naturel,en:potato-crisps-in-sunflower-oil,0.05250956022944551
honey coated banana slices,en:snacks,0.05480401529636711
oven baking potato,en:fresh-potatoes,0.009297323135755257
beurre de cacahuete,en:peanut-butters,0.06140057361376673
sauce tomate au thon & olives bio kazidomi,en:groceries,0.006405353728489484
dehydrated apple slices,en:snacks,0.03530114722753346
pruneau d'agen,fr:pruneaux-d-agen,0.023398661567877628
"the madelaine chocolate company, solid milk chocolate",en:chocolate-candies,0.054995219885277245
bevanda al gusto di cacao,en:protein-powders,0.03520554493307839
white chocolate,en:white-chocolates,0.05750478011472275
"healthy food brands, a&w, soda bottles gummy candies with real a&w root beer",en:confectioneries,0.025
26 38,en:five-cheese-pizza,0.025717017208413
naranjitos,en:chocolate-covered-fruits,0.041204588910133844
mixed fruit gummies,en:confectioneries,0.029995219885277247
poudre de protéines d'amande,en:protein-powders,0.03869502868068834
soft chewy twisted candy bites,en:confectioneries,0.029995219885277247
passata de tomates bio,en:groceries,0.0031309751434034417
mix fruits rojos,en:dietary-supplements,0.03322179732313575
sandwich jambon fraicheur,en:baguette-sandwiches-with-ham-and-butter,0.02041108986615679
milk chocolate rose,en:confectioneries,0.052390057361376675
farina avena,it:farina-d-avena,0.03539674952198853
tnt exploding candy,en:confectioneries,0.033293499043977055
minotaur bio - huile d'olive vierge extra,en:virgin-olive-oils,0.08099904397705544
moelleux au chocolat,en:molten-chocolate-cakes,0.045578393881453155
dutch chocolate,en:protein-powders,0.042662523900573616
alimneto equilibrado pomme epicee formula 1,en:bodybuilding-supplements,0.03869502868068834
soupe à la chinoise  légumes et vermicelles,en:soups,0.002007648183556405
beurre de cacahuètes bio,fr:pate-de-noix,0.06204588910133843
orange confite,en:oranges,0.03140535372848948
rillettes de sanglier au chouchen,en:wild-boar-rillettes,0.032504780114722756
"big papa's, southern sauce",en:groceries,0.025
beignets à l'abricot,en:sweet-fritters,0.03140535372848948
blanc de poulet,en:cooked-chicken-breast-slices,0.009703632887189293
flamin hot,en:protien-powder,0.01598948374760994
blanc de poulet zéro nitrites,en:meats,0.010396749521988527
nibs de cacao,en:cocoa-beans,0.06039674952198853
père noël lait,en:chocolate-santa-clauses,0.05650095602294455
multivitamin,en:vitamins,0.0
chorizo,en:chorizo,0.04340344168260038
apple ginger drink,en:groceries,0.003107074569789675
crema spalmabile nocciola,en:cocoa-and-hazelnuts-spreads,0.04713193116634799
sweet stevia tablets,en:stevia-and-their-products,0.0
tranchés de dinde,en:turkeys,0.010994263862332695
crema al pistacchio,fr:cremes-de-pistaches,0.05521032504780115
boisson nutritionnelle banana creme,en:groceries,0.037739005736137664
croissants pur beurre,en:butter-croissants,0.04139579349904398
peanut butter,en:peanut-butters,0.06190248565965583
smelties,en:baby-foods,0.035707456978967496
eirn original curry sauce,en:sauce-powder,0.041204588910133844
celery,en:groceries,0.001410133843212237
organic erythritol granulated,fr:croquettes-chat,0.0
"candy crush, sugar crush crunchy and crackling candy combination, strawberry & watermelon",en:confectioneries,0.040009560229445504
barrette cioccolato e arachidi 1 barretta 35g.,en:dietary-supplements,0.040105162523900575
confinoix,en:jams,0.05609464627151051
"medjool dates, extra fancy",en:medjool-dates,0.004110898661567878
barretta proteica,en:dietary-supplements,0.04698852772466539
pear nectar,en:pear-nectars,0.005401529636711281
organic protein powder vanilla bean flavored,en:protein-powders,0.03260038240917782
grilled chicken breast,en:poultry,0.00394359464627151
brown rice,en:grains,0.0026768642447418736
salmon fillet,en:fish,0.00497131931166348
sweet potato,en:vegetables,0.002055449330783939
greek yogurt,en:dairy,0.001410133843212237
banana,en:fruits,0.002127151051625239
almonds,en:nuts,0.013838432122370938
quinoa,en:grains,0.0028680688336520078
avocado,en:fruits,0.0038240917782026767
egg,en:eggs,0.0037045889101338433
